name,address,lat,lng,maps_url,price_per_person_usd,price_tier,cuisine_primary,cuisine_tags,must_try_dishes,dietary_friendly,best_for,vibe,noise_level,dress_code,best_time_slots,avg_wait_minutes,reservation_needed,parking_difficulty,instagrammable_score,hidden_gem_score,value_score,crowd_typical_zh,one_liner_zh,avoid_if_zh,cuisine_tags_str,must_try_dishes_str,dietary_friendly_str,best_for_str,best_time_slots_str
Bottega Louie,"700 S Grand Ave, Los Angeles, CA 90017",34.0461,-118.2547,https://www.google.com/maps/place/Bottega+Louie,50,$$,French American,"['french', 'american', 'bakery', 'downtown']","['Truffle Pizza', 'Lemon Ricotta Pancakes', 'Macarons']",['vegetarian'],"['friends_group', 'tourist_must', 'date']",lively,loud,smart_casual,"['brunch', 'lunch', 'dinner']",30,recommended,hard,10,2,7,游客与本地美食爱好者,网红法美餐厅，甜品精致，必试松露披萨,不喜欢吵闹环境,french | american | bakery | downtown,Truffle Pizza | Lemon Ricotta Pancakes | Macarons,vegetarian,friends_group | tourist_must | date,brunch | lunch | dinner
Bavel,"500 Mateo St, Los Angeles, CA 90013",34.0367,-118.2347,https://www.google.com/maps/place/Bavel,85,$$$,Middle Eastern,"['middle_eastern', 'modern', 'downtown', 'trendy']","['Lamb Neck Shawarma', ""Duck 'Nduja Hummus"", 'Malawach']",['vegetarian'],"['date', 'celebration', 'friends_group']",trendy,loud,smart_casual,['dinner'],60,essential,moderate,8,4,8,时尚年轻人和美食爱好者,DTLA 必去的中东风味餐厅，创意十足,不喜欢嘈杂环境的人,middle_eastern | modern | downtown | trendy,Lamb Neck Shawarma | Duck 'Nduja Hummus | Malawach,vegetarian,date | celebration | friends_group,dinner
Fathers Office,"3229 Helms Ave, Los Angeles, CA 90034",34.0299,-118.3902,https://www.google.com/maps/place/Fathers+Office,35,$$,Gourmet Burgers,"['american', 'burgers', 'craft_beer', 'casual']","['Office Burger', 'Sweet Potato Fries', 'Duck Confit Salad']",[],"['friends_group', 'casual', 'tourist_must']",lively,loud,casual,"['lunch', 'dinner', 'late_night']",30,no,moderate,7,5,8,年轻人和啤酒爱好者,必尝招牌汉堡和精酿啤酒的圣地,不喜欢嘈杂环境,american | burgers | craft_beer | casual,Office Burger | Sweet Potato Fries | Duck Confit Salad,,friends_group | casual | tourist_must,lunch | dinner | late_night
Sqirl,"720 N Virgil Ave, Los Angeles, CA 90029",34.0828,-118.2858,https://www.google.com/maps/place/Sqirl,30,$$,California,"['brunch', 'organic', 'trendy', 'eastside']","['Ricotta Toast', 'Sorrel Pesto Rice Bowl', 'Burnt Brioche Toast']","['vegetarian', 'vegan', 'gluten_free']","['brunch', 'friends_group', 'tourist_must']",trendy,moderate,casual,"['brunch', 'lunch']",30,no,moderate,8,5,7,年轻潮人和美食爱好者,网红早午餐圣地，必尝招牌吐司,不喜欢排队或人多,brunch | organic | trendy | eastside,Ricotta Toast | Sorrel Pesto Rice Bowl | Burnt Brioche Toast,vegetarian | vegan | gluten_free,brunch | friends_group | tourist_must,brunch | lunch
Pizzeria Mozza,"641 N Highland Ave, Los Angeles, CA 90036",34.0833,-118.3389,https://www.google.com/maps/place/Pizzeria+Mozza,50,$$,Italian,"['italian', 'pizza', 'celebrity_chef', 'mid_city']","['Fennel Sausage Pizza', 'Burrata with Escarole', 'Butterscotch Budino']",['vegetarian'],"['date', 'friends_group', 'tourist_must']",trendy,moderate,smart_casual,"['lunch', 'dinner']",30,recommended,moderate,8,4,8,美食爱好者与游客,名厨打造的必尝意式披萨店,不喜欢排队或等位,italian | pizza | celebrity_chef | mid_city,Fennel Sausage Pizza | Burrata with Escarole | Butterscotch Budino,vegetarian,date | friends_group | tourist_must,lunch | dinner
Tacos 1986,"609 S Spring St, Los Angeles, CA 90014",34.0431,-118.2517,https://www.google.com/maps/place/Tacos+1986,15,$,Mexican,"['mexican', 'tacos', 'street_food', 'downtown']","['Adobada Taco', 'Mushroom Quesadilla', 'Carne Asada Taco']",['vegetarian'],"['friends_group', 'solo', 'late_night']",lively,loud,casual,"['lunch', 'dinner', 'late_night']",10,no,moderate,7,6,9,年轻人和夜猫子,DTLA 必吃街头墨西哥美食，夜宵好去处,不喜欢排队或嘈杂环境,mexican | tacos | street_food | downtown,Adobada Taco | Mushroom Quesadilla | Carne Asada Taco,vegetarian,friends_group | solo | late_night,lunch | dinner | late_night
Night Market Song,"3322 Sunset Blvd, Los Angeles, CA 90026",34.0908,-118.2814,https://www.google.com/maps/place/Night+Market+Song,35,$$,Thai,"['thai', 'street_food', 'spicy', 'silver_lake']","['Khao Soi', 'Pork Toro', 'Crispy Rice Salad']",['vegetarian'],"['friends_group', 'date', 'tourist_must']",lively,loud,casual,"['dinner', 'late_night']",30,no,moderate,8,6,8,年轻潮人和美食爱好者,银湖必尝泰国街头美食，辣味十足,不爱热闹或不吃辣,thai | street_food | spicy | silver_lake,Khao Soi | Pork Toro | Crispy Rice Salad,vegetarian,friends_group | date | tourist_must,dinner | late_night
Cassia,"1314 7th St, Santa Monica, CA 90401",34.0186,-118.4925,https://www.google.com/maps/place/Cassia,85,$$$,Southeast Asian,"['southeast asian', 'french', 'fusion', 'santa monica']","['Vietnamese Sunbathing Prawns', 'Grilled Spicy Lamb Breast', 'Chickpea Curry']","['vegetarian', 'gluten_free']","['date', 'friends_group', 'tourist_must']",trendy,moderate,smart_casual,['dinner'],30,recommended,moderate,8,5,7,圣塔莫尼卡时尚年轻人,融合东南亚风味的时尚餐厅,不喜欢融合菜系,southeast asian | french | fusion | santa monica,Vietnamese Sunbathing Prawns | Grilled Spicy Lamb Breast | Chickpea Curry,vegetarian | gluten_free,date | friends_group | tourist_must,dinner
Republique,"624 S La Brea Ave, Los Angeles, CA 90036",34.0628,-118.3441,https://www.google.com/maps/place/Republique,85,$$$,French Californian,"['french', 'californian', 'bakery', 'brunch']","['Kimchi Fried Rice', 'Mushroom Toast', 'Duck Confit']",['vegetarian'],"['date', 'celebration', 'tourist_must']",trendy,moderate,smart_casual,"['brunch', 'dinner']",30,recommended,moderate,9,4,8,时尚年轻人和美食爱好者,法式加州风味餐厅，甜点绝佳,不喜欢排队等候的客人,french | californian | bakery | brunch,Kimchi Fried Rice | Mushroom Toast | Duck Confit,vegetarian,date | celebration | tourist_must,brunch | dinner
Spago,"176 N Canon Dr, Beverly Hills, CA 90210",34.07,-118.4006,https://www.google.com/maps/place/Spago,150,$$$$,California Cuisine,"['california', 'fine_dining', 'celebrity_chef', 'beverly_hills']","['Smoked Salmon Pizza', 'Veal Schnitzel', 'Kaiserschmarrn']",['vegetarian'],"['celebration', 'business_lunch', 'tourist_must']",fine_dining,moderate,upscale,"['lunch', 'dinner']",0,essential,moderate,8,2,6,名流与美食爱好者,名厨Wolfgang Puck的经典餐厅，体验顶级加州美食,不喜欢正式用餐氛围,california | fine_dining | celebrity_chef | beverly_hills,Smoked Salmon Pizza | Veal Schnitzel | Kaiserschmarrn,vegetarian,celebration | business_lunch | tourist_must,lunch | dinner
Eggslut,"317 S Broadway, Los Angeles, CA 90013",34.0506,-118.2484,https://www.google.com/maps/place/Eggslut,15,$,Breakfast Sandwiches,"['breakfast', 'sandwiches', 'casual', 'downtown']","['Slut', 'Fairfax', 'Gaucho']",[],"['tourist_must', 'friends_group', 'solo']",lively,moderate,casual,"['breakfast', 'brunch', 'lunch']",30,no,hard,8,4,8,年轻游客与本地上班族,必尝的早餐三明治，值得排队,不喜欢排队或赶时间,breakfast | sandwiches | casual | downtown,Slut | Fairfax | Gaucho,,tourist_must | friends_group | solo,breakfast | brunch | lunch
n/naka,"3455 S Overland Ave, Los Angeles, CA 90034",34.0244,-118.4128,https://www.google.com/maps/place/n+naka,250,$$$$,Kaiseki,"['japanese', 'kaiseki', 'fine_dining', ""chef's_table""]","['Abalone Spaghetti', 'Zensai', 'Wagyu Beef']",['vegetarian'],"['date', 'celebration', 'tourist_must']",fine_dining,quiet,upscale,['dinner'],0,essential,moderate,9,4,8,高端食客与美食爱好者,体验顶级怀石料理的绝佳去处,预算有限或不提前预约,japanese | kaiseki | fine_dining | chef's_table,Abalone Spaghetti | Zensai | Wagyu Beef,vegetarian,date | celebration | tourist_must,dinner
Animal,"435 N Fairfax Ave, Los Angeles, CA 90036",34.0813,-118.3614,https://www.google.com/maps/place/Animal,85,$$$,New American,"['new_american', 'meat', 'fairfax', 'trendy']","['Bacon Chocolate Crunch Bar', 'Foie Gras Biscuit', 'Pig Ear']",[],"['friends_group', 'date', 'tourist_must']",trendy,loud,smart_casual,"['dinner', 'late_night']",30,recommended,moderate,8,5,7,喜爱肉食的年轻食客,Fairfax 上的肉食者天堂，创意菜肴,不吃肉或追求安静,new_american | meat | fairfax | trendy,Bacon Chocolate Crunch Bar | Foie Gras Biscuit | Pig Ear,,friends_group | date | tourist_must,dinner | late_night
Bestia,"2121 E 7th Pl, Los Angeles, CA 90021",34.0339,-118.2363,https://www.google.com/maps/place/Bestia,95,$$$,California Italian,"['italian', 'modern', 'wood_fired', 'downtown']","['Cavatelli alla Norcina', 'Bone Marrow', 'Roasted Marrow Tortelli']",['vegetarian'],"['date', 'celebration', 'friends_group']",trendy,loud,smart_casual,['dinner'],45,essential,hard,9,3,7,DTLA 时髦白领与游客,DTLA 工业风网红意餐，骨髓塔塔必点,赶时间或没提前订位,italian | modern | wood_fired | downtown,Cavatelli alla Norcina | Bone Marrow | Roasted Marrow Tortelli,vegetarian,date | celebration | friends_group,dinner
Gjelina,"1429 Abbot Kinney Blvd, Venice, CA 90291",33.9911,-118.4644,https://www.google.com/maps/place/Gjelina,75,$$$,California Mediterranean,"['californian', 'mediterranean', 'trendy', 'venice']","['Duck Confit', 'Mushroom Toast', 'Butterscotch Pot de Crème']",['vegetarian'],"['date', 'friends_group', 'tourist_must']",trendy,loud,smart_casual,"['brunch', 'lunch', 'dinner']",30,recommended,hard,8,4,7,时尚游客与本地潮人,威尼斯潮流餐厅，必尝鸭腿与蘑菇吐司,不喜欢嘈杂环境的人,californian | mediterranean | trendy | venice,Duck Confit | Mushroom Toast | Butterscotch Pot de Crème,vegetarian,date | friends_group | tourist_must,brunch | lunch | dinner
Jon and Vinnys,"412 N Fairfax Ave, Los Angeles, CA 90036",34.0808,-118.3614,https://www.google.com/maps/place/Jon+and+Vinnys,40,$$,Italian American,"['italian', 'pizza', 'casual', 'fairfax']","['LA Woman Pizza', 'Spicy Fusilli', 'Margherita Pizza']",['vegetarian'],"['friends_group', 'date', 'tourist_must']",lively,moderate,casual,"['lunch', 'dinner']",30,recommended,moderate,8,5,8,年轻潮人和美食爱好者,Fairfax 必去的意式美食天堂,不喜欢排队等位,italian | pizza | casual | fairfax,LA Woman Pizza | Spicy Fusilli | Margherita Pizza,vegetarian,friends_group | date | tourist_must,lunch | dinner
Jitlada,"5233 W Sunset Blvd, Los Angeles, CA 90027",34.0978,-118.3061,https://www.google.com/maps/place/Jitlada,40,$$,Southern Thai,"['thai', 'spicy', 'authentic', 'hollywood']","['Kua Kling Phat Tha Lung', 'Crying Tiger Beef', 'Green Curry Frog']",['vegetarian'],"['friends_group', 'tourist_must', 'date']",lively,loud,casual,"['dinner', 'late_night']",30,recommended,moderate,7,5,8,喜欢正宗泰国菜的食客,辣味十足的泰国南部美食天堂,不喜欢吃辣的人,thai | spicy | authentic | hollywood,Kua Kling Phat Tha Lung | Crying Tiger Beef | Green Curry Frog,vegetarian,friends_group | tourist_must | date,dinner | late_night
Yucas Hut,"2056 Hillhurst Ave, Los Angeles, CA 90027",34.1078,-118.2842,https://www.google.com/maps/place/Yucas+Hut,12,$,Mexican,"['mexican', 'casual', 'taco', 'los_feliz']","['Burrito de Carne Asada', 'Taco de Pollo', 'Tamales']",[],"['solo', 'friends_group', 'tourist_must']",casual,moderate,casual,"['lunch', 'dinner']",10,no,moderate,5,7,9,当地居民与游客,洛杉矶必尝的墨西哥小吃店,寻找高档餐饮体验,mexican | casual | taco | los_feliz,Burrito de Carne Asada | Taco de Pollo | Tamales,,solo | friends_group | tourist_must,lunch | dinner
Langers Deli,"704 S Alvarado St, Los Angeles, CA 90057",34.0627,-118.2789,https://www.google.com/maps/place/Langers+Deli,25,$$,Jewish Deli,"['deli', 'sandwiches', 'historic', 'comfort_food']","['#19 Pastrami Sandwich', 'Matzo Ball Soup', 'Latkes']",[],"['friends_group', 'tourist_must', 'solo']",casual,moderate,casual,"['lunch', 'dinner']",20,no,moderate,7,5,9,本地居民与游客,经典犹太熟食店，招牌熏牛肉三明治必试,不喜欢熏牛肉或犹太美食,deli | sandwiches | historic | comfort_food,#19 Pastrami Sandwich | Matzo Ball Soup | Latkes,,friends_group | tourist_must | solo,lunch | dinner
Sushi Gen,"422 E 2nd St, Los Angeles, CA 90012",34.0473,-118.2418,https://www.google.com/maps/place/Sushi+Gen,60,$$$,Japanese,"['japanese', 'sushi', 'little_tokyo', 'seafood']","['Omakase', 'Sashimi Deluxe', 'Uni']",[],"['date', 'tourist_must', 'friends_group']",lively,moderate,casual,"['lunch', 'dinner']",30,recommended,moderate,8,5,8,小东京的寿司爱好者,小东京必去寿司店，生鱼片超赞,不喜欢排队等位,japanese | sushi | little_tokyo | seafood,Omakase | Sashimi Deluxe | Uni,,date | tourist_must | friends_group,lunch | dinner
Guelaguetza,"3014 W Olympic Blvd, Los Angeles, CA 90006",34.0459,-118.3003,https://www.google.com/maps/place/Guelaguetza,40,$$,Oaxacan,"['oaxacan', 'mexican', 'mole', 'koreatown']","['Mole Negro', 'Tlayuda', 'Chapulines']",['vegetarian'],"['family', 'friends_group', 'tourist_must']",lively,moderate,casual,"['lunch', 'dinner']",20,recommended,moderate,8,5,8,家庭聚餐与游客,正宗瓦哈卡风味，必尝经典墨西哥菜,不喜欢热闹环境,oaxacan | mexican | mole | koreatown,Mole Negro | Tlayuda | Chapulines,vegetarian,family | friends_group | tourist_must,lunch | dinner
Gjusta,"320 Sunset Ave, Venice, CA 90291",33.9925,-118.4641,https://www.google.com/maps/place/Gjusta,45,$$,Bakery & Deli,"['bakery', 'deli', 'venice', 'artisanal']","['Smoked Fish Plate', 'Banh Mi', 'Reuben Sandwich']","['vegetarian', 'gluten_free']","['brunch', 'friends_group', 'tourist_must']",trendy,moderate,casual,"['brunch', 'lunch']",30,no,hard,8,5,8,威尼斯的时尚年轻人,威尼斯必去的时尚面包店和熟食店,不喜欢排队或找停车位,bakery | deli | venice | artisanal,Smoked Fish Plate | Banh Mi | Reuben Sandwich,vegetarian | gluten_free,brunch | friends_group | tourist_must,brunch | lunch
KazuNori,"421 S Main St, Los Angeles, CA 90013",34.0481,-118.2486,https://www.google.com/maps/place/KazuNori,40,$$,Sushi,"['sushi', 'hand_roll', 'japanese', 'downtown']","['Toro Hand Roll', 'Yellowtail Hand Roll', 'Crab Hand Roll']",[],"['solo', 'friends_group', 'tourist_must']",casual,moderate,casual,"['lunch', 'dinner']",20,no,moderate,7,5,8,年轻人和游客,新鲜手卷寿司的极致体验,不喜欢寿司或手卷,sushi | hand_roll | japanese | downtown,Toro Hand Roll | Yellowtail Hand Roll | Crab Hand Roll,,solo | friends_group | tourist_must,lunch | dinner
Sun Nong Dan,"3470 W 6th St, Los Angeles, CA 90020",34.0625,-118.3008,https://www.google.com/maps/place/Sun+Nong+Dan,30,$$,Korean,"['korean', 'bbq', 'late_night', 'koreatown']","['Galbi Jjim', 'Seolleongtang', 'Kimchi Jjigae']",[],"['friends_group', 'late_night', 'tourist_must']",lively,loud,casual,"['dinner', 'late_night']",30,no,hard,7,5,8,韩国城的年轻人和游客,深夜韩餐好去处，牛骨汤必试,不喜欢嘈杂环境,korean | bbq | late_night | koreatown,Galbi Jjim | Seolleongtang | Kimchi Jjigae,,friends_group | late_night | tourist_must,dinner | late_night
The Apple Pan,"10801 W Pico Blvd, Los Angeles, CA 90064",34.0376,-118.4367,https://www.google.com/maps/place/The+Apple+Pan,20,$,American Diner,"['american', 'diner', 'burgers', 'historic']","['Hickory Burger', 'Steakburger', 'Banana Cream Pie']",[],"['friends_group', 'solo', 'tourist_must']",casual,moderate,casual,"['lunch', 'dinner']",20,no,moderate,7,6,8,本地居民与游客混杂,经典美式汉堡店，历史悠久，值得一试,不喜欢传统美式快餐,american | diner | burgers | historic,Hickory Burger | Steakburger | Banana Cream Pie,,friends_group | solo | tourist_must,lunch | dinner
The Bazaar by Jose Andres,"465 S La Cienega Blvd, Los Angeles, CA 90048",34.07,-118.3764,https://www.google.com/maps/place/The+Bazaar,150,$$$,Spanish Tapas,"['spanish', 'tapas', 'molecular_gastronomy', 'beverly_hills']","['Philly Cheesesteak', 'Cotton Candy Foie Gras', 'Olives Ferran Adrià']",['vegetarian'],"['celebration', 'date', 'tourist_must']",trendy,moderate,upscale,['dinner'],30,recommended,moderate,10,4,7,时尚达人与美食爱好者,西班牙分子料理的奇幻之旅,预算有限或不爱创新菜,spanish | tapas | molecular_gastronomy | beverly_hills,Philly Cheesesteak | Cotton Candy Foie Gras | Olives Ferran Adrià,vegetarian,celebration | date | tourist_must,dinner
Grand Central Market,"317 S Broadway, Los Angeles, CA 90013",34.0506,-118.2484,https://www.google.com/maps/place/Grand+Central+Market,25,$$,Eclectic,"['food_hall', 'variety', 'casual', 'downtown']","['Eggslut Fairfax Sandwich', 'Tacos Tumbras a Tomas', ""Wexler's Deli Pastrami""]","['vegetarian', 'vegan', 'gluten_free']","['tourist_must', 'friends_group', 'family']",lively,loud,casual,"['lunch', 'dinner']",20,no,moderate,8,5,8,游客与当地美食爱好者,洛杉矶必去美食集市，品尝世界风味,不喜欢人多嘈杂的环境,food_hall | variety | casual | downtown,Eggslut Fairfax Sandwich | Tacos Tumbras a Tomas | Wexler's Deli Pastrami,vegetarian | vegan | gluten_free,tourist_must | friends_group | family,lunch | dinner
Howlin Rays,"727 N Broadway, Los Angeles, CA 90012",34.0644,-118.2384,https://www.google.com/maps/place/Howlin+Rays,20,$,Nashville Hot Chicken,"['fried chicken', 'spicy', 'casual', 'chinatown']","['Hot Chicken Sandwich', 'Chicken Wings', 'Collard Greens']",[],"['friends_group', 'solo', 'tourist_must']",lively,loud,casual,"['lunch', 'dinner']",60,no,moderate,8,5,9,年轻人和游客,辣鸡翅和三明治，辣到过瘾！,不喜欢排队或怕辣,fried chicken | spicy | casual | chinatown,Hot Chicken Sandwich | Chicken Wings | Collard Greens,,friends_group | solo | tourist_must,lunch | dinner
Pinks Hot Dogs,"709 N La Brea Ave, Los Angeles, CA 90038",34.0833,-118.3447,https://www.google.com/maps/place/Pinks+Hot+Dogs,12,$,Hot Dogs,"['american', 'hot_dogs', 'casual', 'iconic']","['Chili Cheese Dog', 'Martha Stewart Dog', 'Pastrami Reuben Dog']",[],"['tourist_must', 'friends_group', 'solo']",lively,loud,casual,"['lunch', 'dinner', 'late_night']",30,no,moderate,8,5,8,游客与本地美食爱好者,洛杉矶必打卡的传奇热狗店,不喜欢排队或热闹环境,american | hot_dogs | casual | iconic,Chili Cheese Dog | Martha Stewart Dog | Pastrami Reuben Dog,,tourist_must | friends_group | solo,lunch | dinner | late_night
Rossoblu,"1124 San Julian St, Los Angeles, CA 90015",34.0392,-118.2553,https://www.google.com/maps/place/Rossoblu,85,$$$,Italian,"['italian', 'bolognese', 'downtown', 'modern']","['Tortellini in Brodo', 'Tagliatelle al Ragù', 'Grilled Pork Chop']",['vegetarian'],"['date', 'celebration', 'business_lunch']",trendy,moderate,smart_casual,['dinner'],30,recommended,moderate,8,5,7,DTLA 美食爱好者与商务人士,意大利风情浓郁的现代餐厅，适合约会和庆祝,不喜欢意大利菜,italian | bolognese | downtown | modern,Tortellini in Brodo | Tagliatelle al Ragù | Grilled Pork Chop,vegetarian,date | celebration | business_lunch,dinner
